2026-05-03T01:32:23.397597,local,7.8972,25.33,178,89,5.13
2026-05-03T01:33:04.874769,local,15.6762,40.283,172,122,4.98
2026-05-03T01:39:24.827318,local,23.2915,53.984,178,118,3.86
2026-05-03T01:40:22.867468,local,15.3548,47.003,172,123,3.9
2026-05-03T01:42:30.317594,local,23.3339,48.832,178,104,4.09
2026-05-03T01:43:31.567599,local,15.3548,53.956,172,143,3.72
2026-05-03T01:44:37.524941,local,15.8129,53.821,180,140,3.7
2026-05-03T01:45:41.742986,local,14.1202,51.518,164,142,3.81



LE device found :  BBC micro:bit [tivap]
INFO:root:[Local] | BLE Device found: BBC micro:bit [tivap] - C8:93:B5:41:F9:DA
01:41:40 | [Local] | BLE Device found: BBC micro:bit [tivap] - C8:93:B5:41:F9:DA
Connecting to BLE device...
connected to device

INFO:root:[Local] | Connected to BLE device
01:41:41 | [Local] | Connected to BLE device
User present
playing radio
generating content...
INFO:root:[Local] | Calling ollama LLM
01:41:41 | [Local] | Calling ollama LLM
TTS called
calling intro
INFO:root:[Local] | Intro audio started
01:41:41 | [Local] | Intro audio started
INFO:root:[Local] | ffplay audio process started
01:41:41 | [Local] | ffplay audio process started
intro complete
INFO:root:[Local] | Intro audio bytes written to ffplay
01:41:48 | [Local] | Intro audio bytes written to ffplay
INFO:root:[Local] | movement status received: still
01:41:51 | [Local] | movement status received: still
status updated... still
INFO:httpx:HTTP Request: POST http://127.0.0.1:11434/api/generate "HTTP/1.1 200 OK"
01:42:04 | HTTP Request: POST http://127.0.0.1:11434/api/generate "HTTP/1.1 200 OK"
sentence ready - waiting for intro complete
INFO:root:[Local] | Sentence Queued for TTS
01:42:05 | [Local] | Sentence Queued for TTS
sentence ready - waiting for intro complete
INFO:root:[Local] | Sentence Queued for TTS
01:42:08 | [Local] | Sentence Queued for TTS
sentence ready - waiting for intro complete
INFO:root:[Local] | Sentence Queued for TTS
01:42:10 | [Local] | Sentence Queued for TTS
sentence ready - waiting for intro complete
INFO:root:[Local] | Sentence Queued for TTS
01:42:15 | [Local] | Sentence Queued for TTS
sentence ready - waiting for intro complete
INFO:root:[Local] | Sentence Queued for TTS
01:42:19 | [Local] | Sentence Queued for TTS
sentence ready - waiting for intro complete
INFO:root:[Local] | Sentence Queued for TTS
01:42:23 | [Local] | Sentence Queued for TTS
sentence ready - waiting for intro complete
INFO:root:[Local] | Sentence Queued for TTS
01:42:23 | [Local] | Sentence Queued for TTS
sentence ready - waiting for intro complete
INFO:root:[Local] | Sentence Queued for TTS
01:42:23 | [Local] | Sentence Queued for TTS
sentence ready - waiting for intro complete
INFO:root:[Local] | Sentence Queued for TTS
01:42:29 | [Local] | Sentence Queued for TTS
generation complete
[LLM] TTFT=23.334s | total=48.83s | tokens=104 | 4.1 tok/s
INFO:root:[Local] | Playing song: rel1.wav
01:42:30 | [Local] | Playing song: rel1.wav
INFO:root:[Local] | Song complete, segment_done set
01:42:37 | [Local] | Song complete, segment_done set
generating content...
INFO:root:[Local] | Calling ollama LLM
01:42:37 | [Local] | Calling ollama LLM
INFO:httpx:HTTP Request: POST http://127.0.0.1:11434/api/generate "HTTP/1.1 200 OK"
01:42:52 | HTTP Request: POST http://127.0.0.1:11434/api/generate "HTTP/1.1 200 OK"
sentence ready - waiting for intro complete
INFO:root:[Local] | Sentence Queued for TTS
01:42:55 | [Local] | Sentence Queued for TTS
sentence ready - waiting for intro complete
INFO:root:[Local] | Sentence Queued for TTS
01:42:58 | [Local] | Sentence Queued for TTS
sentence ready - waiting for intro complete
INFO:root:[Local] | Sentence Queued for TTS
01:43:01 | [Local] | Sentence Queued for TTS
sentence ready - waiting for intro complete
INFO:root:[Local] | Sentence Queued for TTS
01:43:09 | [Local] | Sentence Queued for TTS
sentence ready - waiting for intro complete
INFO:root:[Local] | Sentence Queued for TTS
01:43:14 | [Local] | Sentence Queued for TTS
sentence ready - waiting for intro complete
INFO:root:[Local] | Sentence Queued for TTS
01:43:22 | [Local] | Sentence Queued for TTS
sentence ready - waiting for intro complete
INFO:root:[Local] | Sentence Queued for TTS
01:43:29 | [Local] | Sentence Queued for TTS
generation complete
[LLM] TTFT=15.355s | total=53.96s | tokens=143 | 3.7 tok/s
INFO:root:[Local] | Playing song: rel2.wav
01:43:31 | [Local] | Playing song: rel2.wav
INFO:root:[Local] | Song complete, segment_done set
01:43:43 | [Local] | Song complete, segment_done set
generating content...
INFO:root:[Local] | Calling ollama LLM
01:43:43 | [Local] | Calling ollama LLM
INFO:httpx:HTTP Request: POST http://127.0.0.1:11434/api/generate "HTTP/1.1 200 OK"
01:43:59 | HTTP Request: POST http://127.0.0.1:11434/api/generate "HTTP/1.1 200 OK"
sentence ready - waiting for intro complete
INFO:root:[Local] | Sentence Queued for TTS
01:44:00 | [Local] | Sentence Queued for TTS
sentence ready - waiting for intro complete
INFO:root:[Local] | Sentence Queued for TTS
01:44:02 | [Local] | Sentence Queued for TTS
sentence ready - waiting for intro complete
INFO:root:[Local] | Sentence Queued for TTS
01:44:05 | [Local] | Sentence Queued for TTS
sentence ready - waiting for intro complete
INFO:root:[Local] | Sentence Queued for TTS
01:44:09 | [Local] | Sentence Queued for TTS
sentence ready - waiting for intro complete
INFO:root:[Local] | Sentence Queued for TTS
01:44:15 | [Local] | Sentence Queued for TTS
sentence ready - waiting for intro complete
INFO:root:[Local] | Sentence Queued for TTS
01:44:21 | [Local] | Sentence Queued for TTS
sentence ready - waiting for intro complete
INFO:root:[Local] | Sentence Queued for TTS
01:44:26 | [Local] | Sentence Queued for TTS
sentence ready - waiting for intro complete
INFO:root:[Local] | Sentence Queued for TTS
01:44:30 | [Local] | Sentence Queued for TTS
sentence ready - waiting for intro complete
INFO:root:[Local] | Sentence Queued for TTS
01:44:36 | [Local] | Sentence Queued for TTS
generation complete
[LLM] TTFT=15.813s | total=53.82s | tokens=140 | 3.7 tok/s
INFO:root:[Local] | Playing song: rel3.wav
01:44:37 | [Local] | Playing song: rel3.wav
INFO:root:[Local] | Song complete, segment_done set
01:44:50 | [Local] | Song complete, segment_done set
generating content...
INFO:root:[Local] | Calling ollama LLM
01:44:50 | [Local] | Calling ollama LLM
INFO:httpx:HTTP Request: POST http://127.0.0.1:11434/api/generate "HTTP/1.1 200 OK"
01:45:04 | HTTP Request: POST http://127.0.0.1:11434/api/generate "HTTP/1.1 200 OK"
sentence ready - waiting for intro complete
INFO:root:[Local] | Sentence Queued for TTS
01:45:06 | [Local] | Sentence Queued for TTS
sentence ready - waiting for intro complete
INFO:root:[Local] | Sentence Queued for TTS
01:45:10 | [Local] | Sentence Queued for TTS
sentence ready - waiting for intro complete
INFO:root:[Local] | Sentence Queued for TTS
01:45:13 | [Local] | Sentence Queued for TTS
sentence ready - waiting for intro complete
INFO:root:[Local] | Sentence Queued for TTS
01:45:17 | [Local] | Sentence Queued for TTS
sentence ready - waiting for intro complete
INFO:root:[Local] | Sentence Queued for TTS
01:45:22 | [Local] | Sentence Queued for TTS
sentence ready - waiting for intro complete
INFO:root:[Local] | Sentence Queued for TTS
01:45:31 | [Local] | Sentence Queued for TTS
sentence ready - waiting for intro complete
INFO:root:[Local] | Sentence Queued for TTS
01:45:40 | [Local] | Sentence Queued for TTS
generation complete
[LLM] TTFT=14.120s | total=51.52s | tokens=142 | 3.8 tok/s
INFO:root:[Local] | Playing song: rel1.wav
01:45:42 | [Local] | Playing song: rel1.wav
INFO:root:[Local] | Song complete, segment_done set
01:45:52 | [Local] | Song complete, segment_done set
generating content...
INFO:root:[Local] | Calling ollama LLM
01:45:52 | [Local] | Calling ollama LLM
INFO:httpx:HTTP Request: POST http://127.0.0.1:11434/api/generate "HTTP/1.1 200 OK"
01:45:52 | HTTP Request: POST http://127.0.0.1:11434/api/generate "HTTP/1.1 200 OK"
^CINFO:root:[Local] | Broadcast ended for Ruaidhri
01:45:52 | [Local] | Broadcast ended for Ruaidhri
writer.writerow(["timestamp", "system", "ttft_s", "total_time_s", "prompt_tokens", "completion_tokens", "tokens_per_second"])
2026-05-03T01:55:29.187071,cloud,,0.0,0,0,0.0
2026-05-03T01:55:40.605256,cloud,,0.0,0,0,0.0
2026-05-03T01:55:40.608851,cloud,,0.0,0,0,0.0
2026-05-03T02:07:32.701697,cloud,7.4659,8.365,156,93,11.12
2026-05-03T02:09:38.518306,cloud,7.5453,8.322,156,89,10.69
2026-05-03T02:11:47.105338,cloud,8.4936,8.908,156,91,10.22
2026-05-03T02:12:23.386969,cloud,1.0395,2.011,150,124,61.66
2026-05-03T02:13:19.912459,cloud,0.5858,2.068,160,134,64.8
2026-05-03T02:14:16.510498,cloud,0.6988,2.195,144,120,54.67


02:07:08 | [Supervisor] | Channel Loaded: AnalogueRadio mapped to key: A
02:07:08 | [Supervisor] | Channel Loaded: LocalTunes mapped to key: B
02:07:08 | [Supervisor] | Channel Loaded: AI_DJ mapped to key: D
02:07:08 | [Supervisor] | Channel Loaded: AIPodCasts mapped to key: E
02:07:08 | [Supervisor] | Channel Loaded: TedLocalTunes mapped to key: F
02:07:12 | [Supervisor] | Channel Loaded: Local mapped to key: L
02:07:13 | [Supervisor] | Channel Loaded: Cloud mapped to key: C
02:07:18 | [Supervisor] | Starting Channel: Cloud
02:07:18 | [Cloud] | Channel activated
02:07:18 | [Cloud] | Cloid icon set 
02:07:18 | [Cloud] | BLE scan cycle started
02:07:23 | [Cloud] | BLE Device found: BBC micro:bit [tivap] - C8:93:B5:41:F9:DA
02:07:24 | [Cloud] | Connected to BLE device
02:07:24 | [Cloud] | Calling OPENAI LLM
02:07:24 | [Cloud] | Intro audio started
02:07:24 | [Cloud] | ffplay audio process started
02:07:30 | [Cloud] | Intro audio bytes written to ffplay
02:07:31 | HTTP Request: POST https://api.openai.com/v1/responses "HTTP/1.1 200 OK"
02:07:32 | [Cloud] | Sentence Queued for TTS
02:07:32 | [Cloud] | Sentence Queued for TTS
02:07:32 | [Cloud] | Sentence Queued for TTS
02:07:33 | HTTP Request: POST https://api.openai.com/v1/audio/speech "HTTP/1.1 200 OK"
02:07:33 | [Cloud] | movement status received: still
02:07:37 | HTTP Request: POST https://api.openai.com/v1/audio/speech "HTTP/1.1 200 OK"
02:07:52 | HTTP Request: POST https://api.openai.com/v1/audio/speech "HTTP/1.1 200 OK"
02:07:55 | [Cloud] | Broadcast ended for Ruaidhri
02:09:07 | [Supervisor] | Logging initialised
02:09:07 | [Supervisor] | Channel Loaded: AnalogueRadio mapped to key: A
02:09:07 | [Supervisor] | Channel Loaded: LocalTunes mapped to key: B
02:09:07 | [Supervisor] | Channel Loaded: AI_DJ mapped to key: D
02:09:07 | [Supervisor] | Channel Loaded: AIPodCasts mapped to key: E
02:09:07 | [Supervisor] | Channel Loaded: TedLocalTunes mapped to key: F
02:09:12 | [Supervisor] | Channel Loaded: Local mapped to key: L
02:09:12 | [Supervisor] | Channel Loaded: Cloud mapped to key: C
02:09:22 | [Supervisor] | Starting Channel: Cloud
02:09:23 | [Cloud] | Channel activated
02:09:23 | [Cloud] | Cloid icon set 
02:09:23 | [Cloud] | BLE scan cycle started
02:09:28 | [Cloud] | BLE Device found: BBC micro:bit [tivap] - C8:93:B5:41:F9:DA
02:09:30 | [Cloud] | Connected to BLE device
02:09:30 | [Cloud] | Calling OPENAI LLM
02:09:30 | [Cloud] | Intro audio started
02:09:30 | [Cloud] | ffplay audio process started
02:09:36 | [Cloud] | Intro audio bytes written to ffplay
02:09:37 | HTTP Request: POST https://api.openai.com/v1/responses "HTTP/1.1 200 OK"
02:09:37 | [Cloud] | Sentence Queued for TTS
02:09:38 | [Cloud] | Sentence Queued for TTS
02:09:38 | [Cloud] | Sentence Queued for TTS
02:09:38 | [Cloud] | Sentence Queued for TTS
02:09:38 | HTTP Request: POST https://api.openai.com/v1/audio/speech "HTTP/1.1 200 OK"
02:09:40 | [Cloud] | movement status received: still
02:09:42 | HTTP Request: POST https://api.openai.com/v1/audio/speech "HTTP/1.1 200 OK"
02:09:50 | HTTP Request: POST https://api.openai.com/v1/audio/speech "HTTP/1.1 200 OK"
02:10:00 | [Supervisor | Quit signal received - stopping all channels
02:10:00 | [Cloud] | Stop signal received
02:10:00 | [Cloud] | Closing Audio process
02:10:00 | [Cloud] | ffplay audio process stopped
02:10:00 | [Cloud] | Stop command sent to TTS queue
02:10:00 | [Cloud] | Broadcast ended for Ruaidhri
02:10:00 | [Cloud] | audio scheduling task cancelled
02:10:03 | [Cloud] | BLE disconnect event received
02:10:03 | [Cloud] | BLE Task cancelled
02:10:03 | [Cloud] | icon cleared 
02:11:21 | [Supervisor] | Logging initialised
02:11:21 | [Supervisor] | Channel Loaded: AnalogueRadio mapped to key: A
02:11:21 | [Supervisor] | Channel Loaded: LocalTunes mapped to key: B
02:11:21 | [Supervisor] | Channel Loaded: AI_DJ mapped to key: D
02:11:21 | [Supervisor] | Channel Loaded: AIPodCasts mapped to key: E
02:11:21 | [Supervisor] | Channel Loaded: TedLocalTunes mapped to key: F
02:11:26 | [Supervisor] | Channel Loaded: Local mapped to key: L
02:11:26 | [Supervisor] | Channel Loaded: Cloud mapped to key: C
02:11:30 | [Supervisor] | Starting Channel: Cloud
02:11:31 | [Cloud] | Channel activated
02:11:31 | [Cloud] | Cloid icon set 
02:11:31 | [Cloud] | BLE scan cycle started
02:11:36 | [Cloud] | BLE Device found: BBC micro:bit [tivap] - C8:93:B5:41:F9:DA
02:11:38 | [Cloud] | Connected to BLE device
02:11:38 | [Cloud] | Calling OPENAI LLM
02:11:38 | [Cloud] | Intro audio started
02:11:38 | [Cloud] | ffplay audio process started
02:11:44 | [Cloud] | Intro audio bytes written to ffplay
02:11:45 | HTTP Request: POST https://api.openai.com/v1/responses "HTTP/1.1 200 OK"
02:11:46 | [Cloud] | Sentence Queued for TTS
02:11:46 | [Cloud] | Sentence Queued for TTS
02:11:46 | [Cloud] | Sentence Queued for TTS
02:11:46 | [Cloud] | Sentence Queued for TTS
02:11:47 | HTTP Request: POST https://api.openai.com/v1/audio/speech "HTTP/1.1 200 OK"
02:11:47 | [Cloud] | movement status received: still
02:11:50 | HTTP Request: POST https://api.openai.com/v1/audio/speech "HTTP/1.1 200 OK"
02:11:59 | HTTP Request: POST https://api.openai.com/v1/audio/speech "HTTP/1.1 200 OK"
02:12:07 | HTTP Request: POST https://api.openai.com/v1/audio/speech "HTTP/1.1 200 OK"
02:12:09 | [Cloud] | Playing song: rel1.wav
02:12:21 | [Cloud] | Song complete, segment_done set
02:12:21 | [Cloud] | Calling OPENAI LLM
02:12:22 | HTTP Request: POST https://api.openai.com/v1/responses "HTTP/1.1 200 OK"
02:12:22 | [Cloud] | Sentence Queued for TTS
02:12:22 | [Cloud] | Sentence Queued for TTS
02:12:22 | [Cloud] | Sentence Queued for TTS
02:12:23 | [Cloud] | Sentence Queued for TTS
02:12:23 | [Cloud] | Sentence Queued for TTS
02:12:23 | [Cloud] | Sentence Queued for TTS
02:12:23 | [Cloud] | Sentence Queued for TTS
02:12:23 | HTTP Request: POST https://api.openai.com/v1/audio/speech "HTTP/1.1 200 OK"
02:12:24 | HTTP Request: POST https://api.openai.com/v1/audio/speech "HTTP/1.1 200 OK"
02:12:27 | HTTP Request: POST https://api.openai.com/v1/audio/speech "HTTP/1.1 200 OK"
02:12:33 | HTTP Request: POST https://api.openai.com/v1/audio/speech "HTTP/1.1 200 OK"
02:12:50 | HTTP Request: POST https://api.openai.com/v1/audio/speech "HTTP/1.1 200 OK"
02:12:53 | HTTP Request: POST https://api.openai.com/v1/audio/speech "HTTP/1.1 200 OK"
02:12:57 | HTTP Request: POST https://api.openai.com/v1/audio/speech "HTTP/1.1 200 OK"
02:13:01 | [Cloud] | Playing song: rel2.wav
02:13:17 | [Cloud] | Song complete, segment_done set
02:13:17 | [Cloud] | Calling OPENAI LLM
02:13:18 | HTTP Request: POST https://api.openai.com/v1/responses "HTTP/1.1 200 OK"
02:13:18 | [Cloud] | Sentence Queued for TTS
02:13:19 | [Cloud] | Sentence Queued for TTS
02:13:19 | HTTP Request: POST https://api.openai.com/v1/audio/speech "HTTP/1.1 200 OK"
02:13:19 | [Cloud] | Sentence Queued for TTS
02:13:19 | [Cloud] | Sentence Queued for TTS
02:13:19 | [Cloud] | Sentence Queued for TTS
02:13:19 | [Cloud] | Sentence Queued for TTS
02:13:25 | HTTP Request: POST https://api.openai.com/v1/audio/speech "HTTP/1.1 200 OK"
02:13:34 | HTTP Request: POST https://api.openai.com/v1/audio/speech "HTTP/1.1 200 OK"
02:13:43 | HTTP Request: POST https://api.openai.com/v1/audio/speech "HTTP/1.1 200 OK"
02:13:49 | HTTP Request: POST https://api.openai.com/v1/audio/speech "HTTP/1.1 200 OK"
02:13:54 | HTTP Request: POST https://api.openai.com/v1/audio/speech "HTTP/1.1 200 OK"
02:13:57 | [Cloud] | Playing song: rel3.wav
02:14:14 | [Cloud] | Song complete, segment_done set
02:14:14 | [Cloud] | Calling OPENAI LLM
02:14:14 | HTTP Request: POST https://api.openai.com/v1/responses "HTTP/1.1 200 OK"
02:14:15 | [Cloud] | Sentence Queued for TTS
02:14:15 | [Cloud] | Sentence Queued for TTS
02:14:16 | HTTP Request: POST https://api.openai.com/v1/audio/speech "HTTP/1.1 200 OK"
02:14:16 | [Cloud] | Sentence Queued for TTS
02:14:16 | [Cloud] | Sentence Queued for TTS
02:14:16 | [Cloud] | Sentence Queued for TTS
02:14:16 | [Cloud] | Sentence Queued for TTS
02:14:20 | HTTP Request: POST https://api.openai.com/v1/audio/speech "HTTP/1.1 200 OK"
02:14:32 | HTTP Request: POST https://api.openai.com/v1/audio/speech "HTTP/1.1 200 OK"
02:14:37 | HTTP Request: POST https://api.openai.com/v1/audio/speech "HTTP/1.1 200 OK"
02:14:46 | HTTP Request: POST https://api.openai.com/v1/audio/speech "HTTP/1.1 200 OK"
02:14:50 | HTTP Request: POST https://api.openai.com/v1/audio/speech "HTTP/1.1 200 OK"
02:14:52 | [Cloud] | Playing song: rel1.wav
02:15:03 | [Cloud] | Song complete, segment_done set
02:15:03 | [Cloud] | Calling OPENAI LLM
02:15:03 | [Supervisor | Quit signal received - stopping all channels
02:15:03 | [Cloud] | Stop signal received
02:15:03 | [Cloud] | Closing Audio process
02:15:03 | [Cloud] | ffplay audio process stopped
02:15:03 | [Cloud] | Stop command sent to TTS queue
02:15:03 | [Cloud] | audio scheduling task cancelled
02:15:03 | [Cloud] | Broadcast ended for Ruaidhri
02:15:06 | [Cloud] | BLE disconnect event received
02:15:06 | [Cloud] | BLE Task cancelled
02:15:06 | [Cloud] | icon cleared 

2026-05-03T09:03:00.361085,local,10.6635,126.686,178,128,1.1
2026-05-03T09:03:54.236280,local,15.3217,48.65,172,128,3.86
2026-05-03T09:05:13.694951,local,15.7606,61.092,180,181,4.01
2026-05-03T09:15:26.259695,local,10.6829,50.866,154,90,2.25
2026-05-03T09:16:17.221348,local,13.2078,41.137,151,112,4.03
2026-05-03T09:18:04.619298,local,21.3581,52.561,154,109,3.51
2026-05-03T09:19:04.537931,local,13.773,46.067,151,117,3.64
2026-05-03T09:20:09.947651,local,20.9614,44.492,155,99,4.23
2026-05-03T09:20:58.725833,cloud,,7.644,0,0,0
2026-05-03T09:21:09.016983,cloud,,1.222,0,0,0
2026-05-03T09:21:23.939259,cloud,,1.275,0,0,0
2026-05-03T09:22:48.519166,local,20.9931,43.913,155,88,3.86
2026-05-03T09:23:40.256496,local,13.4044,44.245,153,122,3.97
2026-05-03T09:46:24.122737,local,21.6572,65.433,155,90,2.06
2026-05-03T09:47:20.411967,local,13.8397,47.904,153,124,3.65
2026-05-03T09:59:20.039204,local,28.1481,84.364,155,97,1.73
2026-05-03T10:00:10.388296,local,13.3933,44.897,153,121,3.86
2026-05-03T10:01:09.534244,local,13.0003,46.147,153,128,3.88
2026-05-03T10:02:06.330469,local,12.984,42.873,153,120,4.03
2026-05-03T10:02:55.205501,local,0.5473,32.459,153,118,3.71
2026-05-03T10:03:48.895632,local,0.5469,46.066,153,125,2.75
2026-05-07T11:28:34.633964,local,0.6261,56.144,153,161,2.91
2026-05-07T11:30:19.172287,local,20.8984,42.639,155,86,3.97
2026-05-07T11:31:39.951551,local,14.0991,75.527,153,118,1.93
2026-05-07T11:32:46.350616,local,15.6796,57.108,153,125,3.03
2026-05-07T11:33:53.345357,local,13.6985,56.372,153,124,2.91
2026-05-07T11:34:46.345111,local,0.5928,44.206,153,125,2.87
2026-05-07T11:36:00.160532,local,21.053,47.507,157,104,3.95
2026-05-07T11:36:53.999208,local,13.3227,47.91,152,125,3.63
2026-05-07T11:37:54.994928,local,13.1015,49.681,154,135,3.7
2026-05-07T11:41:35.489897,local,7.9151,34.926,155,105,3.9
2026-05-07T11:42:33.112336,local,13.3345,48.547,152,134,3.82
2026-05-07T11:43:35.572153,cloud,10.6122,10.937,135,84,7.68
2026-05-07T11:44:11.772827,cloud,1.3768,3.667,134,119,32.45
2026-05-07T12:27:35.318941,local,7.8007,30.586,155,87,3.83
2026-05-08T12:24:47.290761,cloud,9.0578,11.415,135,84,7.36
2026-05-08T12:25:27.062957,cloud,1.8826,3.451,132,121,35.06
2026-05-08T12:26:18.133973,cloud,0.9975,2.512,0,0,0
2026-05-08T12:27:19.285060,local,26.1388,50.047,155,92,3.87
2026-05-08T12:28:12.609725,local,13.2492,46.662,152,128,3.85
2026-05-08T12:29:13.640520,local,12.9027,47.279,152,130,3.8
2026-05-08T12:31:04.991125,cloud,6.8679,7.95,137,85,10.69
2026-05-08T12:31:50.472164,cloud,1.746,4.475,134,116,25.92
2026-05-08T12:33:32.384312,local,9.096,71.787,155,94,1.5
2026-05-08T12:34:14.592532,cloud,6.7283,10.236,137,82,8.01
2026-05-08T12:34:43.608021,cloud,6.8705,7.951,137,80,10.06
2026-05-08T12:36:01.357901,cloud,7.8414,8.937,137,84,9.4
2026-05-08T12:36:35.462849,cloud,1.0449,2.977,134,118,39.64
2026-05-08T12:37:30.948500,cloud,1.2827,3.489,134,113,32.38
2026-05-08T12:38:43.926256,cloud,6.7982,8.062,137,83,10.29
2026-05-08T12:39:09.315586,cloud,7.0556,8.441,137,87,10.31
2026-05-08T12:40:43.107749,local,7.8978,32.078,155,98,4.07
2026-05-08T12:41:19.253303,cloud,6.9243,10.391,137,86,8.28
2026-05-08T12:42:02.354563,cloud,0.5955,2.974,134,114,38.34
2026-05-08T13:00:33.335755,cloud,7.0186,8.427,137,88,10.44
2026-05-08T13:01:31.606572,cloud,8.0875,10.366,137,82,7.91
2026-05-08T15:10:14.917167,cloud,8.3034,8.801,142,87,9.88
2026-05-08T15:10:53.853848,cloud,2.0962,3.523,141,119,33.78
2026-05-08T15:13:58.978254,cloud,9.1026,10.034,142,81,8.07
2026-05-08T15:14:33.286397,cloud,0.8927,2.454,141,118,48.09
2026-05-08T15:16:58.362702,cloud,6.5805,7.664,142,86,11.22
2026-05-08T15:17:40.327282,cloud,1.1085,2.53,141,114,45.07
2026-05-08T15:21:33.566200,cloud,7.3112,7.997,142,83,10.38
2026-05-08T15:22:13.425570,cloud,1.7954,4.465,141,121,27.1
2026-05-08T15:27:09.833835,cloud,8.1938,8.56,142,89,10.4
2026-05-08T15:27:48.840622,cloud,0.6755,2.975,141,121,40.67
2026-05-08T15:48:13.594938,cloud,9.3954,9.926,142,83,8.36
2026-05-08T15:48:53.242364,cloud,1.5912,3.259,141,125,38.36
2026-05-08T15:49:53.930666,cloud,1.417,2.789,139,116,41.6
2026-05-08T16:00:49.496609,cloud,7.3571,8.295,142,86,10.37
2026-05-08T16:01:31.873320,cloud,1.4765,3.2,141,117,36.56
2026-05-08T16:02:22.624485,cloud,7.3997,10.204,142,87,8.53
2026-05-08T16:03:05.084658,cloud,0.9408,2.805,141,123,43.85
2026-05-08T16:13:05.310702,cloud,7.7376,8.178,142,85,10.39
2026-05-08T16:14:16.071719,cloud,7.5108,8.384,142,84,10.02
2026-05-08T16:14:59.321300,cloud,0.558,2.998,141,121,40.36
2026-05-08T16:16:14.122556,cloud,0.6623,1.927,139,114,59.16
2026-05-08T16:17:12.389294,cloud,1.1568,4.475,139,120,26.81
2026-05-08T16:39:04.101882,cloud,2.6928,3.126,142,87,27.83
2026-05-08T16:42:12.860272,cloud,2.2167,2.636,142,84,31.86
2026-05-08T16:42:52.845690,cloud,1.1188,2.512,141,115,45.78
2026-05-08T16:43:43.744147,cloud,0.8827,2.868,139,117,40.79
2026-05-08T16:51:54.455100,cloud,1.5356,1.956,142,87,44.48
2026-05-08T16:52:54.963211,cloud,0.5547,20.81,141,114,5.48
2026-05-08T16:53:41.048592,cloud,2.1089,13.39,139,119,8.89
2026-05-08T17:13:31.794936,cloud,2.7695,8.949,142,82,9.16
2026-05-08T17:14:07.856614,cloud,0.8286,1.909,0,0,0
2026-05-08T17:17:40.210148,cloud,2.4584,11.75,142,87,7.4
2026-05-08T17:18:26.258667,cloud,0.931,11.89,141,118,9.92
2026-05-08T17:19:30.259881,cloud,1.027,22.408,139,115,5.13
2026-05-08T17:20:24.759001,cloud,1.2896,18.942,139,120,6.34
2026-05-08T17:21:25.790201,cloud,1.3545,19.417,139,115,5.92
2026-05-08T17:22:25.144205,cloud,0.9445,17.843,139,113,6.33
2026-05-08T17:40:51.729322,cloud,2.4635,13.753,142,90,6.54
2026-05-08T17:41:46.657201,cloud,1.4735,22.786,141,120,5.27
2026-05-10T15:01:49.891294,cloud,2.0577,13.649,143,89,6.52
2026-05-10T15:02:46.323321,cloud,1.2777,22.805,140,113,4.96
2026-05-10T15:03:33.870611,cloud,1.7797,18.338,142,118,6.43
2026-05-10T15:04:28.172786,cloud,1.0905,13.208,0,0,0
2026-05-10T15:30:56.269472,cloud,,1.691,0,0,0
2026-05-12T20:41:18.425334,cloud,2.8968,15.129,137,87,5.75
2026-05-12T20:42:08.919724,cloud,0.9618,21.311,138,115,5.4
2026-05-17T17:55:06.125380,cloud,3.0365,9.197,137,88,9.57
2026-05-17T17:56:04.016705,cloud,2.2313,22.773,134,116,5.09
2026-05-17T18:14:30.941158,cloud,2.6497,3.525,144,85,24.11
2026-05-17T18:15:43.351091,cloud,0.7169,22.782,138,115,5.05
2026-05-17T18:16:40.282766,cloud,0.8547,23.245,142,122,5.25
2026-05-17T18:17:51.159332,cloud,0.9815,22.795,140,120,5.26
2026-05-17T18:18:37.246085,cloud,0.8674,15.381,140,116,7.54
2026-05-17T18:19:38.162349,cloud,1.223,22.798,0,0,0
2026-05-17T18:25:44.574445,cloud,2.0511,9.242,149,83,8.98
2026-05-17T18:26:33.618137,cloud,0.6485,7.937,146,119,14.99
2026-05-17T18:27:46.993148,cloud,0.7262,19.845,144,119,6.0
2026-05-17T18:43:43.782273,cloud,2.1995,3.013,148,91,30.2
2026-05-17T18:44:56.739080,cloud,1.5435,30.228,144,122,4.04
2026-05-17T19:16:19.371597,cloud,1.6154,13.689,148,88,6.43
2026-05-17T19:17:17.726866,cloud,1.5904,6.215,148,83,13.35
2026-05-17T19:18:00.796861,cloud,0.8545,13.891,144,124,8.93
2026-05-17T19:19:42.346883,cloud,1.8713,9.379,148,84,8.96
2026-05-17T19:20:23.265658,cloud,0.5778,7.954,144,115,14.46
2026-05-17T19:21:18.248925,cloud,1.9272,13.892,148,121,8.71
2026-05-17T19:23:19.009178,cloud,0.8478,12.113,148,87,7.18
2026-05-17T19:24:11.024559,cloud,0.8269,22.802,144,122,5.35
2026-05-17T19:25:00.071074,cloud,0.7421,13.893,148,117,8.42
2026-05-17T20:23:48.079220,cloud,2.6419,6.316,148,87,13.77
2026-05-17T20:27:52.745443,cloud,3.1395,7.796,148,86,11.03
2026-05-17T20:32:28.952421,cloud,1.3759,9.287,148,90,9.69
2026-05-17T20:33:20.910786,cloud,1.8353,19.819,144,126,6.36
2026-05-17T20:38:47.482992,cloud,1.7233,6.329,148,89,14.06
2026-05-17T20:46:38.706173,cloud,1.5798,9.203,148,86,9.34
2026-05-17T20:47:26.969036,cloud,1.9106,9.104,144,121,13.29
2026-05-17T20:48:14.091692,cloud,1.1626,3.452,148,120,34.76
2026-05-17T20:49:08.237506,cloud,0.5846,3.233,142,124,38.36
2026-05-17T20:50:08.945931,cloud,1.8059,12.37,142,120,9.7
2026-05-17T20:51:01.390359,cloud,1.6692,8.772,142,117,13.34
2026-05-17T20:51:45.555108,cloud,0.8954,3.464,142,120,34.64
2026-05-17T20:52:50.805857,cloud,0.8882,12.273,142,125,10.18
2026-05-18T21:17:43.644117,cloud,2.6782,9.271,144,85,9.17
2026-05-18T21:18:36.824431,cloud,1.7584,12.519,137,115,9.19
2026-05-18T21:46:18.069675,cloud,1.5873,7.788,146,87,11.17
2026-05-18T21:47:18.621342,cloud,1.4648,18.396,139,123,6.69
2026-05-18T21:48:00.873161,cloud,1.0283,6.0,143,119,19.83
2026-05-18T21:57:02.362494,cloud,1.5379,7.748,146,88,11.36
2026-05-18T21:58:02.602174,cloud,0.6037,13.582,143,123,9.06
2026-05-18T21:58:51.570159,cloud,1.3174,9.758,143,125,12.81
2026-05-19T18:04:46.207967,cloud,2.7431,13.744,146,88,6.4
2026-05-19T19:29:37.389787,cloud,2.496,7.797,146,85,10.9
2026-05-19T20:10:32.412843,cloud,,1.747,0,0,0
2026-05-19T20:10:59.706985,cloud,,1.391,0,0,0
